<?xml version="1.0" encoding="utf-8" ?>
<Defs>


  <!--============= Animal handling ===============-->

  <JobDef>
    <defName>ShooJob</defName>
    <driverClass>Shoo.JobDriver_Shoo</driverClass>
    <reportString>shooing TargetA.</reportString>
  </JobDef>

  <JobDef>
    <defName>FleeBecauseShoo</defName>
    <driverClass>JobDriver_Flee</driverClass>
    <reportString>fleeing.</reportString>
    <checkOverrideOnDamage>OnlyIfInstigatorNotJobTarget</checkOverrideOnDamage>
    <isIdle>true</isIdle>
  </JobDef>

</Defs>
